1,female.webp
2,male.webp
3,female.webp
4,male.webp
5,female.webp
6,male.webp
7,female.webp
8,male.webp
9,female.webp
10,male.webp
11,female.webp
12,male.webp
13,female.webp
14,male.webp
15,female.webp
16,male.webp
17,female.webp
18,male.webp
19,female.webp
20,male.webp
21,female.webp
22,male.webp
23,female.webp
24,male.webp
25,female.webp
26,male.webp
27,female.webp
28,male.webp
29,female.webp
30,male.webp
31,female.webp
32,male.webp
33,female.webp
34,male.webp
35,female.webp
36,male.webp
37,female.webp
38,male.webp
39,female.webp
40,male.webp
41,female.webp
42,male.webp
43,female.webp
44,male.webp
45,female.webp
46,male.webp
47,female.webp
48,male.webp
49,female.webp
50,male.webp
51,female.webp
52,male.webp
53,female.webp
54,male.webp
55,female.webp
56,male.webp
57,female.webp
58,male.webp
59,female.webp
60,male.webp
61,female.webp
62,male.webp
63,female.webp
64,male.webp
65,female.webp
66,male.webp
67,female.webp
68,male.webp
69,female.webp
70,male.webp
71,female.webp
72,male.webp
73,female.webp
74,male.webp
75,female.webp
76,male.webp
77,female.webp
78,male.webp
79,female.webp
80,male.webp
81,female.webp
82,male.webp
83,female.webp
84,male.webp
85,female.webp
86,male.webp
87,female.webp
88,male.webp
89,female.webp
90,male.webp
91,female.webp
92,male.webp
93,female.webp
94,male.webp
95,female.webp
96,male.webp
97,female.webp
98,male.webp
99,female.webp
100,male.webp
101,female.webp
102,male.webp
103,female.webp
104,male.webp
105,female.webp
106,male.webp
107,female.webp
108,male.webp
109,female.webp
110,male.webp
111,female.webp
112,male.webp
113,female.webp
114,male.webp
115,female.webp
116,male.webp
117,female.webp
118,male.webp
119,female.webp
120,male.webp
121,female.webp
122,male.webp
123,female.webp
124,male.webp
125,female.webp
126,male.webp
127,female.webp
128,male.webp
129,female.webp
130,male.webp
131,female.webp
132,male.webp
133,female.webp
134,male.webp
135,female.webp
136,male.webp
137,female.webp
138,male.webp
139,female.webp
140,male.webp
141,female.webp
142,male.webp
143,female.webp
144,male.webp
145,female.webp
146,male.webp
147,female.webp
148,male.webp
149,female.webp
150,male.webp
151,female.webp
152,male.webp
153,female.webp
154,male.webp
155,female.webp
156,male.webp
157,female.webp
158,male.webp
159,female.webp
160,male.webp
161,female.webp
162,male.webp
163,female.webp
164,male.webp
165,female.webp
166,male.webp
167,female.webp
168,male.webp
169,female.webp
170,male.webp
171,female.webp
172,male.webp
173,female.webp
174,male.webp
175,female.webp
176,male.webp
177,female.webp
178,male.webp
179,female.webp
180,male.webp
181,female.webp
182,male.webp
183,female.webp
184,male.webp
185,female.webp
186,male.webp
187,female.webp
188,male.webp
189,female.webp
190,male.webp
191,female.webp
192,male.webp
193,female.webp
194,male.webp
195,female.webp
196,male.webp
197,female.webp
198,male.webp
199,female.webp
200,male.webp
201,female.webp
202,male.webp
203,female.webp
204,male.webp
205,female.webp
206,male.webp
207,female.webp
208,male.webp
209,female.webp
210,male.webp
211,female.webp
212,male.webp
213,female.webp
214,male.webp
215,female.webp
216,male.webp
217,female.webp
218,male.webp
219,female.webp
220,male.webp
221,female.webp
222,male.webp
223,female.webp
224,male.webp
225,female.webp
226,male.webp
227,female.webp
228,male.webp
229,female.webp
230,male.webp
231,female.webp
232,male.webp
233,female.webp
234,male.webp
235,female.webp
236,male.webp
237,female.webp
238,male.webp
239,female.webp
240,male.webp
241,female.webp
242,male.webp
243,female.webp
244,male.webp
245,female.webp
246,male.webp
247,female.webp
248,male.webp
249,female.webp
250,male.webp
251,female.webp
252,male.webp
253,female.webp
254,male.webp
255,female.webp
256,male.webp
257,female.webp
258,male.webp
259,female.webp
260,male.webp
261,female.webp
262,male.webp
263,female.webp
264,male.webp
265,female.webp
266,male.webp
267,female.webp
268,male.webp
269,female.webp
270,male.webp
271,female.webp
272,male.webp
273,female.webp
274,male.webp
275,female.webp
276,male.webp
277,female.webp
278,male.webp
279,female.webp
280,male.webp
281,female.webp
282,male.webp
283,female.webp
284,male.webp
285,female.webp
286,male.webp
287,female.webp
288,male.webp
289,female.webp
290,male.webp
291,female.webp
292,male.webp
293,female.webp
294,male.webp
295,female.webp
296,male.webp
297,female.webp
298,male.webp
299,female.webp
300,male.webp
301,female.webp
302,male.webp
303,female.webp
304,male.webp
305,female.webp
306,male.webp
307,female.webp
308,male.webp
309,female.webp
310,male.webp
311,female.webp
312,male.webp
313,female.webp
314,male.webp
315,female.webp
316,male.webp
317,female.webp
318,male.webp
319,female.webp
320,male.webp
321,female.webp
322,male.webp
323,female.webp
324,male.webp
325,female.webp
326,male.webp
327,female.webp
328,male.webp
329,female.webp
330,male.webp
331,female.webp
332,male.webp
333,female.webp
334,male.webp
335,female.webp
336,male.webp
337,female.webp
338,male.webp
339,female.webp
340,male.webp
341,female.webp
342,male.webp
343,female.webp
344,male.webp
345,female.webp
346,male.webp
347,female.webp
348,male.webp
349,female.webp
350,male.webp
351,female.webp
352,male.webp
353,female.webp
354,male.webp
355,female.webp
356,male.webp
357,female.webp
358,male.webp
359,female.webp
360,male.webp
361,female.webp
362,male.webp
363,female.webp
364,male.webp
365,female.webp
366,male.webp
367,female.webp
368,male.webp
369,female.webp
370,male.webp
371,female.webp
372,male.webp
373,female.webp
374,male.webp
375,female.webp
376,male.webp
377,female.webp
378,male.webp
379,female.webp
380,male.webp
381,female.webp
382,male.webp
383,female.webp
384,male.webp
385,female.webp
386,male.webp
387,female.webp
388,male.webp
389,female.webp
390,male.webp
391,female.webp
392,male.webp
393,female.webp
394,male.webp
395,female.webp
396,male.webp
397,female.webp
398,male.webp
399,female.webp
400,male.webp
401,female.webp
402,male.webp
403,female.webp
404,male.webp
405,female.webp
406,male.webp
407,female.webp
408,male.webp
409,female.webp
410,male.webp
411,female.webp
412,male.webp
413,female.webp
414,male.webp
415,female.webp
416,male.webp
417,female.webp
418,male.webp
419,female.webp
420,male.webp
421,female.webp
422,male.webp
423,female.webp
424,male.webp
425,female.webp
426,male.webp
427,female.webp
428,male.webp
429,female.webp
430,male.webp
431,female.webp
432,male.webp
433,female.webp
434,male.webp
435,female.webp
436,male.webp
437,female.webp
438,male.webp
439,female.webp
440,male.webp
441,female.webp
442,male.webp
443,female.webp
444,male.webp
445,female.webp
446,male.webp
447,female.webp
448,male.webp
449,female.webp
450,male.webp
451,female.webp
452,male.webp
453,female.webp
454,male.webp
455,female.webp
456,male.webp
457,female.webp
458,male.webp
459,female.webp
460,male.webp
461,female.webp
462,male.webp
463,female.webp
464,male.webp
465,female.webp
466,male.webp
467,female.webp
468,male.webp
469,female.webp
470,male.webp
471,female.webp
472,male.webp
473,female.webp
474,male.webp
475,female.webp
476,male.webp
477,female.webp
478,male.webp
479,female.webp
480,male.webp
481,female.webp
482,male.webp
483,female.webp
484,male.webp
485,female.webp
486,male.webp
487,female.webp
488,male.webp
489,female.webp
490,male.webp
491,female.webp
492,male.webp
493,female.webp
494,male.webp
495,female.webp
496,male.webp
497,female.webp
498,male.webp
499,female.webp
500,male.webp
501,female.webp
502,male.webp
503,female.webp
504,male.webp
505,female.webp
506,male.webp
507,female.webp
508,male.webp
509,female.webp
510,male.webp
511,female.webp
512,male.webp
513,female.webp
514,male.webp
515,female.webp
516,male.webp
517,female.webp
518,male.webp
519,female.webp
520,male.webp
521,female.webp
522,male.webp
523,female.webp
524,male.webp
525,female.webp
526,male.webp
527,female.webp
528,male.webp
529,female.webp
530,male.webp
531,female.webp
532,male.webp
533,female.webp
534,male.webp
535,female.webp
536,male.webp
537,female.webp
538,male.webp
539,female.webp
540,male.webp
541,female.webp
542,male.webp
543,female.webp
544,male.webp
545,female.webp
546,male.webp
547,female.webp
548,male.webp
549,female.webp
550,male.webp
551,female.webp
552,male.webp
553,female.webp
554,male.webp
555,female.webp
556,male.webp
557,female.webp
558,male.webp
559,female.webp
560,male.webp
561,female.webp
562,male.webp
563,female.webp
564,male.webp
565,female.webp
566,male.webp
567,female.webp
568,male.webp
569,female.webp
570,male.webp
571,female.webp
572,male.webp
573,female.webp
574,male.webp
575,female.webp
576,male.webp
577,female.webp
578,male.webp
579,female.webp
580,male.webp
581,female.webp
582,male.webp
583,female.webp
584,male.webp
585,female.webp
586,male.webp
587,female.webp
588,male.webp
589,female.webp
590,male.webp
591,female.webp
592,male.webp
593,female.webp
594,male.webp
595,female.webp
596,male.webp
597,female.webp
598,male.webp
599,female.webp
600,male.webp
601,female.webp
602,male.webp
603,female.webp
604,male.webp
605,female.webp
606,male.webp
607,female.webp
608,male.webp
609,female.webp
610,male.webp
611,female.webp
612,male.webp
613,female.webp
614,male.webp
615,female.webp
616,male.webp
617,female.webp
618,male.webp
619,female.webp
620,male.webp
621,female.webp
622,male.webp
623,female.webp
624,male.webp
625,female.webp
626,male.webp
627,female.webp
628,male.webp
629,female.webp
630,male.webp
631,female.webp
632,male.webp
633,female.webp
634,male.webp
635,female.webp
636,male.webp
637,female.webp
638,male.webp
639,female.webp
640,male.webp
641,female.webp
642,male.webp
643,female.webp
644,male.webp
645,female.webp
646,male.webp
647,female.webp
648,male.webp
649,female.webp
650,male.webp
651,female.webp
652,male.webp
653,female.webp
654,male.webp
655,female.webp
656,male.webp
657,female.webp
658,male.webp
659,female.webp
660,male.webp
661,female.webp
662,male.webp
663,female.webp
664,male.webp
665,female.webp
666,male.webp
667,female.webp
668,male.webp
669,female.webp
670,male.webp
671,female.webp
672,male.webp
673,female.webp
674,male.webp
675,female.webp
676,male.webp
677,female.webp
678,male.webp
679,female.webp
680,male.webp
681,female.webp
682,male.webp
683,female.webp
684,male.webp
685,female.webp
686,male.webp
687,female.webp
688,male.webp
689,female.webp
690,male.webp
691,female.webp
692,male.webp
693,female.webp
694,male.webp
695,female.webp
696,male.webp
697,female.webp
698,male.webp
699,female.webp
700,male.webp
701,female.webp
702,male.webp
703,female.webp
704,male.webp
705,female.webp
706,male.webp
707,female.webp
708,male.webp
709,female.webp
710,male.webp
711,female.webp
712,male.webp
713,female.webp
714,male.webp
715,female.webp
716,male.webp
717,female.webp
718,male.webp
719,female.webp
720,male.webp
721,female.webp
722,male.webp
723,female.webp
724,male.webp
725,female.webp
726,male.webp
727,female.webp
728,male.webp
729,female.webp
730,male.webp
731,female.webp
732,male.webp
733,female.webp
734,male.webp
735,female.webp
736,male.webp
737,female.webp
738,male.webp
739,female.webp
740,male.webp
741,female.webp
742,male.webp
743,female.webp
744,male.webp
745,female.webp
746,male.webp
747,female.webp
748,male.webp
749,female.webp
750,male.webp
751,female.webp
752,male.webp
753,female.webp
754,male.webp
755,female.webp
756,male.webp
757,female.webp
758,male.webp
759,female.webp
760,male.webp
761,female.webp
762,male.webp
763,female.webp
764,male.webp
765,female.webp
766,male.webp
767,female.webp
768,male.webp
769,female.webp
770,male.webp
771,female.webp
772,male.webp
773,female.webp
774,male.webp
775,female.webp
776,male.webp
777,female.webp
778,male.webp
779,female.webp
780,male.webp
781,female.webp
782,male.webp
783,female.webp
784,male.webp
785,female.webp
786,male.webp
787,female.webp
788,male.webp
789,female.webp
790,male.webp
791,female.webp
792,male.webp
793,female.webp
794,male.webp
795,female.webp
796,male.webp
797,female.webp
798,male.webp
799,female.webp
800,male.webp
801,female.webp
802,male.webp
803,female.webp
804,male.webp
805,female.webp
806,male.webp
807,female.webp
808,male.webp
809,female.webp
810,male.webp
811,female.webp
812,male.webp
813,female.webp
814,male.webp
815,female.webp
816,male.webp
817,female.webp
818,male.webp
819,female.webp
820,male.webp
821,female.webp
822,male.webp
823,female.webp
824,male.webp
825,female.webp
826,male.webp
827,female.webp
828,male.webp
829,female.webp
830,male.webp
831,female.webp
832,male.webp
833,female.webp
834,male.webp
835,female.webp
836,male.webp
837,female.webp
838,male.webp
839,female.webp
840,male.webp
841,female.webp
842,male.webp
843,female.webp
844,male.webp
845,female.webp
846,male.webp
847,female.webp
848,male.webp
849,female.webp
850,male.webp
851,female.webp
852,male.webp
853,female.webp
854,male.webp
855,female.webp
856,male.webp
857,female.webp
858,male.webp
859,female.webp
860,male.webp
861,female.webp
862,male.webp
863,female.webp
864,male.webp
865,female.webp
866,male.webp
867,female.webp
868,male.webp
869,female.webp
870,male.webp
871,female.webp
872,male.webp
873,female.webp
874,male.webp
875,female.webp
876,male.webp
877,female.webp
878,male.webp
879,female.webp
880,male.webp
881,female.webp
882,male.webp
883,female.webp
884,male.webp
885,female.webp
886,male.webp
887,female.webp
888,male.webp
889,female.webp
890,male.webp
891,female.webp
892,male.webp
893,female.webp
894,male.webp
895,female.webp
896,male.webp
897,female.webp
898,male.webp
899,female.webp
900,male.webp
901,female.webp
902,male.webp
903,female.webp
904,male.webp
905,female.webp
906,male.webp
907,female.webp
908,male.webp
909,female.webp
910,male.webp
911,female.webp
912,male.webp
913,female.webp
914,male.webp
915,female.webp
916,male.webp
917,female.webp
918,male.webp
919,female.webp
920,male.webp
921,female.webp
922,male.webp
923,female.webp
924,male.webp
925,female.webp
926,male.webp
927,female.webp
928,male.webp
929,female.webp
930,male.webp
931,female.webp
932,male.webp
933,female.webp
934,male.webp
935,female.webp
936,male.webp
937,female.webp
938,male.webp
939,female.webp
940,male.webp
941,female.webp
942,male.webp
943,female.webp
944,male.webp
945,female.webp
946,male.webp
947,female.webp
948,male.webp
949,female.webp
950,male.webp
951,female.webp
952,male.webp
953,female.webp
954,male.webp
955,female.webp
956,male.webp
957,female.webp
958,male.webp
959,female.webp
960,male.webp
961,female.webp
962,male.webp
963,female.webp
964,male.webp
965,female.webp
966,male.webp
967,female.webp
968,male.webp
969,female.webp
970,male.webp
971,female.webp
972,male.webp
973,female.webp
974,male.webp
975,female.webp
976,male.webp
977,female.webp
978,male.webp
979,female.webp
980,male.webp
981,female.webp
982,male.webp
983,female.webp
984,male.webp
985,female.webp
986,male.webp
987,female.webp
988,male.webp
989,female.webp
990,male.webp
991,female.webp
992,male.webp
993,female.webp
994,male.webp
995,female.webp
996,male.webp
997,female.webp
998,male.webp
999,female.webp
1000,male.webp
761,jonathan-borba-g770qWE45GQ-unsplash.jpg
313,dhaya-eddine-bentaleb-xnyfMfMM6Fk-unsplash.jpg
863,patricia-abdallah-2Zt3llttm7o-unsplash.jpg
440,noimage.jpg
896,carlos-esteves-3Et0EIgNq08-unsplash.jpg
441,jonathan-borba-g770qWE45GQ-unsplash.jpg
358,noimage.jpg
234,erik-mclean-2Wv9VnwzeeI-unsplash.jpg
863,dhaya-eddine-bentaleb-xnyfMfMM6Fk-unsplash.jpg
863,micheile-henderson-b-OFeL7Yr08-unsplash.jpg
561,jonathan-borba-g770qWE45GQ-unsplash.jpg
138,carlos-esteves-3Et0EIgNq08-unsplash.jpg
138,lindy-baker-hU6L_FxdNC8-unsplash.jpg
313,ayo-ogunseinde-6W4F62sN_yI-unsplash.jpg
761,micheile-henderson-b-OFeL7Yr08-unsplash.jpg
550,jonathan-borba-g770qWE45GQ-unsplash.jpg
351,ayo-ogunseinde-6W4F62sN_yI-unsplash.jpg
550,noimage.jpg
445,micheile-henderson-b-OFeL7Yr08-unsplash.jpg
445,noimage.jpg
796,patricia-abdallah-2Zt3llttm7o-unsplash.jpg
313,dhaya-eddine-bentaleb-xnyfMfMM6Fk-unsplash.jpg
550,carlos-esteves-3Et0EIgNq08-unsplash.jpg
419,micheile-henderson-b-OFeL7Yr08-unsplash.jpg
550,micheile-henderson-b-OFeL7Yr08-unsplash.jpg
580,micheile-henderson-b-OFeL7Yr08-unsplash.jpg
230,patricia-abdallah-2Zt3llttm7o-unsplash.jpg
580,dhaya-eddine-bentaleb-xnyfMfMM6Fk-unsplash.jpg
561,ayo-ogunseinde-6W4F62sN_yI-unsplash.jpg
445,jonathan-borba-g770qWE45GQ-unsplash.jpg
230,lindy-baker-hU6L_FxdNC8-unsplash.jpg
580,patricia-abdallah-2Zt3llttm7o-unsplash.jpg
796,noimage.jpg
550,jonathan-borba-g770qWE45GQ-unsplash.jpg
606,laura-fuhrman-73OJLcahQHg-unsplash.jpg
351,patricia-abdallah-2Zt3llttm7o-unsplash.jpg
313,dhaya-eddine-bentaleb-xnyfMfMM6Fk-unsplash.jpg
896,laura-fuhrman-73OJLcahQHg-unsplash.jpg
606,carlos-esteves-3Et0EIgNq08-unsplash.jpg
313,lindy-baker-hU6L_FxdNC8-unsplash.jpg
339,patricia-abdallah-2Zt3llttm7o-unsplash.jpg
580,micheile-henderson-b-OFeL7Yr08-unsplash.jpg
896,laura-fuhrman-73OJLcahQHg-unsplash.jpg
339,patricia-abdallah-2Zt3llttm7o-unsplash.jpg
441,lindy-baker-hU6L_FxdNC8-unsplash.jpg
527,micheile-henderson-b-OFeL7Yr08-unsplash.jpg
339,carlos-esteves-3Et0EIgNq08-unsplash.jpg
896,laura-fuhrman-73OJLcahQHg-unsplash.jpg
580,laura-fuhrman-73OJLcahQHg-unsplash.jpg
229,patricia-abdallah-2Zt3llttm7o-unsplash.jpg
138,jonathan-borba-g770qWE45GQ-unsplash.jpg
419,dhaya-eddine-bentaleb-xnyfMfMM6Fk-unsplash.jpg
445,lindy-baker-hU6L_FxdNC8-unsplash.jpg
441,carlos-esteves-3Et0EIgNq08-unsplash.jpg
339,lindy-baker-hU6L_FxdNC8-unsplash.jpg
863,jonathan-borba-g770qWE45GQ-unsplash.jpg
138,jonathan-borba-g770qWE45GQ-unsplash.jpg
245,ayo-ogunseinde-6W4F62sN_yI-unsplash.jpg
419,jonathan-borba-g770qWE45GQ-unsplash.jpg
313,noimage.jpg
527,noimage.jpg
245,noimage.jpg
796,noimage.jpg
234,ayo-ogunseinde-6W4F62sN_yI-unsplash.jpg
896,carlos-esteves-3Et0EIgNq08-unsplash.jpg
138,dhaya-eddine-bentaleb-xnyfMfMM6Fk-unsplash.jpg
716,ayo-ogunseinde-6W4F62sN_yI-unsplash.jpg
843,carlos-esteves-3Et0EIgNq08-unsplash.jpg
358,patricia-abdallah-2Zt3llttm7o-unsplash.jpg
229,micheile-henderson-b-OFeL7Yr08-unsplash.jpg
606,dhaya-eddine-bentaleb-xnyfMfMM6Fk-unsplash.jpg
580,jonathan-borba-g770qWE45GQ-unsplash.jpg
351,noimage.jpg
229,erik-mclean-2Wv9VnwzeeI-unsplash.jpg
527,ayo-ogunseinde-6W4F62sN_yI-unsplash.jpg
339,noimage.jpg
761,noimage.jpg
419,jonathan-borba-g770qWE45GQ-unsplash.jpg
580,micheile-henderson-b-OFeL7Yr08-unsplash.jpg
229,lindy-baker-hU6L_FxdNC8-unsplash.jpg
229,patricia-abdallah-2Zt3llttm7o-unsplash.jpg
550,noimage.jpg
230,dhaya-eddine-bentaleb-xnyfMfMM6Fk-unsplash.jpg
606,erik-mclean-2Wv9VnwzeeI-unsplash.jpg
441,lindy-baker-hU6L_FxdNC8-unsplash.jpg
339,laura-fuhrman-73OJLcahQHg-unsplash.jpg
339,lindy-baker-hU6L_FxdNC8-unsplash.jpg
561,patricia-abdallah-2Zt3llttm7o-unsplash.jpg
339,patricia-abdallah-2Zt3llttm7o-unsplash.jpg
441,carlos-esteves-3Et0EIgNq08-unsplash.jpg
580,patricia-abdallah-2Zt3llttm7o-unsplash.jpg
419,dhaya-eddine-bentaleb-xnyfMfMM6Fk-unsplash.jpg
843,jonathan-borba-g770qWE45GQ-unsplash.jpg
761,noimage.jpg
896,ayo-ogunseinde-6W4F62sN_yI-unsplash.jpg
716,noimage.jpg
718,patricia-abdallah-2Zt3llttm7o-unsplash.jpg
339,ayo-ogunseinde-6W4F62sN_yI-unsplash.jpg
234,micheile-henderson-b-OFeL7Yr08-unsplash.jpg
606,patricia-abdallah-2Zt3llttm7o-unsplash.jpg
718,dhaya-eddine-bentaleb-xnyfMfMM6Fk-unsplash.jpg
896,ayo-ogunseinde-6W4F62sN_yI-unsplash.jpg
527,carlos-esteves-3Et0EIgNq08-unsplash.jpg
229,micheile-henderson-b-OFeL7Yr08-unsplash.jpg
896,lindy-baker-hU6L_FxdNC8-unsplash.jpg
606,laura-fuhrman-73OJLcahQHg-unsplash.jpg
234,erik-mclean-2Wv9VnwzeeI-unsplash.jpg
230,lindy-baker-hU6L_FxdNC8-unsplash.jpg
606,micheile-henderson-b-OFeL7Yr08-unsplash.jpg
606,dhaya-eddine-bentaleb-xnyfMfMM6Fk-unsplash.jpg
561,laura-fuhrman-73OJLcahQHg-unsplash.jpg
440,laura-fuhrman-73OJLcahQHg-unsplash.jpg
561,patricia-abdallah-2Zt3llttm7o-unsplash.jpg
606,erik-mclean-2Wv9VnwzeeI-unsplash.jpg
313,lindy-baker-hU6L_FxdNC8-unsplash.jpg
580,micheile-henderson-b-OFeL7Yr08-unsplash.jpg
580,micheile-henderson-b-OFeL7Yr08-unsplash.jpg
351,noimage.jpg
527,noimage.jpg
245,erik-mclean-2Wv9VnwzeeI-unsplash.jpg
441,carlos-esteves-3Et0EIgNq08-unsplash.jpg
229,carlos-esteves-3Et0EIgNq08-unsplash.jpg
358,laura-fuhrman-73OJLcahQHg-unsplash.jpg
527,jonathan-borba-g770qWE45GQ-unsplash.jpg
606,erik-mclean-2Wv9VnwzeeI-unsplash.jpg
138,noimage.jpg
863,erik-mclean-2Wv9VnwzeeI-unsplash.jpg
234,lindy-baker-hU6L_FxdNC8-unsplash.jpg
718,patricia-abdallah-2Zt3llttm7o-unsplash.jpg
440,laura-fuhrman-73OJLcahQHg-unsplash.jpg
580,laura-fuhrman-73OJLcahQHg-unsplash.jpg
358,lindy-baker-hU6L_FxdNC8-unsplash.jpg
606,ayo-ogunseinde-6W4F62sN_yI-unsplash.jpg
229,laura-fuhrman-73OJLcahQHg-unsplash.jpg
234,micheile-henderson-b-OFeL7Yr08-unsplash.jpg
313,ayo-ogunseinde-6W4F62sN_yI-unsplash.jpg
580,dhaya-eddine-bentaleb-xnyfMfMM6Fk-unsplash.jpg
138,micheile-henderson-b-OFeL7Yr08-unsplash.jpg
358,patricia-abdallah-2Zt3llttm7o-unsplash.jpg
245,erik-mclean-2Wv9VnwzeeI-unsplash.jpg
718,carlos-esteves-3Et0EIgNq08-unsplash.jpg
718,jonathan-borba-g770qWE45GQ-unsplash.jpg
441,laura-fuhrman-73OJLcahQHg-unsplash.jpg
358,laura-fuhrman-73OJLcahQHg-unsplash.jpg
718,micheile-henderson-b-OFeL7Yr08-unsplash.jpg
796,micheile-henderson-b-OFeL7Yr08-unsplash.jpg
580,dhaya-eddine-bentaleb-xnyfMfMM6Fk-unsplash.jpg
561,carlos-esteves-3Et0EIgNq08-unsplash.jpg
245,noimage.jpg
313,lindy-baker-hU6L_FxdNC8-unsplash.jpg
561,lindy-baker-hU6L_FxdNC8-unsplash.jpg
796,micheile-henderson-b-OFeL7Yr08-unsplash.jpg
796,micheile-henderson-b-OFeL7Yr08-unsplash.jpg
440,jonathan-borba-g770qWE45GQ-unsplash.jpg
138,laura-fuhrman-73OJLcahQHg-unsplash.jpg
245,patricia-abdallah-2Zt3llttm7o-unsplash.jpg
440,lindy-baker-hU6L_FxdNC8-unsplash.jpg
761,noimage.jpg
761,lindy-baker-hU6L_FxdNC8-unsplash.jpg
419,lindy-baker-hU6L_FxdNC8-unsplash.jpg
843,carlos-esteves-3Et0EIgNq08-unsplash.jpg
234,patricia-abdallah-2Zt3llttm7o-unsplash.jpg
358,erik-mclean-2Wv9VnwzeeI-unsplash.jpg
843,ayo-ogunseinde-6W4F62sN_yI-unsplash.jpg
441,patricia-abdallah-2Zt3llttm7o-unsplash.jpg
718,noimage.jpg
351,lindy-baker-hU6L_FxdNC8-unsplash.jpg
441,dhaya-eddine-bentaleb-xnyfMfMM6Fk-unsplash.jpg
339,patricia-abdallah-2Zt3llttm7o-unsplash.jpg
245,patricia-abdallah-2Zt3llttm7o-unsplash.jpg
245,carlos-esteves-3Et0EIgNq08-unsplash.jpg
716,erik-mclean-2Wv9VnwzeeI-unsplash.jpg
716,dhaya-eddine-bentaleb-xnyfMfMM6Fk-unsplash.jpg
863,noimage.jpg
716,jonathan-borba-g770qWE45GQ-unsplash.jpg
843,noimage.jpg
550,carlos-esteves-3Et0EIgNq08-unsplash.jpg
718,ayo-ogunseinde-6W4F62sN_yI-unsplash.jpg
245,laura-fuhrman-73OJLcahQHg-unsplash.jpg
561,carlos-esteves-3Et0EIgNq08-unsplash.jpg
230,carlos-esteves-3Et0EIgNq08-unsplash.jpg
606,jonathan-borba-g770qWE45GQ-unsplash.jpg
527,noimage.jpg
718,dhaya-eddine-bentaleb-xnyfMfMM6Fk-unsplash.jpg
138,dhaya-eddine-bentaleb-xnyfMfMM6Fk-unsplash.jpg
843,noimage.jpg
229,micheile-henderson-b-OFeL7Yr08-unsplash.jpg
138,dhaya-eddine-bentaleb-xnyfMfMM6Fk-unsplash.jpg
229,ayo-ogunseinde-6W4F62sN_yI-unsplash.jpg
761,laura-fuhrman-73OJLcahQHg-unsplash.jpg
896,carlos-esteves-3Et0EIgNq08-unsplash.jpg
