1,"Catch flights, not Feelings."
2,"You think you are not moving but when you look back, you will realize how far you have come"
4,"When you are Downie, eat a brownie."
8,"Be a Warrior, not a Worrier."
9,"You think you are not moving but when you look back, you will realize how far you have come"
10,"Be a Warrior, not a Worrier."
11,"You think you are not moving but when you look back, you will realize how far you have come"
12,You can’t do epic stuff with basic people.
13,"Be a Warrior, not a Worrier."
14,Rolling with the homies.
16,"When you are Downie, eat a brownie."
17,You can’t do epic stuff with basic people.
19,We got that Friday feeling.
20,We got that Friday feeling.
21,"When you are Downie, eat a brownie."
22,You can’t do epic stuff with basic people.
23,We got that Friday feeling.
24,How I feel when there is no Coffee. DEPRESSO!50% Savage. 50% Sweetness.
25,Rolling with the homies.
26,You can’t do epic stuff with basic people.
28,Rolling with the homies.
31,"Catch flights, not Feelings."
32,All we have is NOW.
33,"You think you are not moving but when you look back, you will realize how far you have come"
35,How I feel when there is no Coffee. DEPRESSO!50% Savage. 50% Sweetness.
36,How I feel when there is no Coffee. DEPRESSO!50% Savage. 50% Sweetness.
39,"Be a Warrior, not a Worrier."
41,You can’t do epic stuff with basic people.
42,How I feel when there is no Coffee. DEPRESSO!50% Savage. 50% Sweetness.
43,Just keep making those baby steps every day.
45,You can’t do epic stuff with basic people.
48,How I feel when there is no Coffee. DEPRESSO!50% Savage. 50% Sweetness.
49,You can’t do epic stuff with basic people.
50,All we have is NOW.
51,"Be a Warrior, not a Worrier."
52,"When you are Downie, eat a brownie."
53,How I feel when there is no Coffee. DEPRESSO!50% Savage. 50% Sweetness.
54,Go wild for a while.
55,"Be a Warrior, not a Worrier."
56,"When you are Downie, eat a brownie."
57,We got that Friday feeling.
58,"You think you are not moving but when you look back, you will realize how far you have come"
59,"Be a Warrior, not a Worrier."
61,"When you are Downie, eat a brownie."
62,Just keep making those baby steps every day.
64,All we have is NOW.
65,Disappointed but not surprised.
66,You can’t do epic stuff with basic people.
67,Rolling with the homies.
69,"Catch flights, not Feelings."
70,All we have is NOW.
71,How I feel when there is no Coffee. DEPRESSO!50% Savage. 50% Sweetness.
72,Rolling with the homies.
75,Just keep making those baby steps every day.
78,You can’t do epic stuff with basic people.
79,You can’t do epic stuff with basic people.
80,All we have is NOW.
81,All we have is NOW.
82,Just keep making those baby steps every day.
83,Just keep making those baby steps every day.
84,You can’t do epic stuff with basic people.
87,"When you are Downie, eat a brownie."
88,We got that Friday feeling.
89,"Be a Warrior, not a Worrier."
90,Just keep making those baby steps every day.
91,All we have is NOW.
95,How I feel when there is no Coffee. DEPRESSO!50% Savage. 50% Sweetness.
96,"Be a Warrior, not a Worrier."
97,We got that Friday feeling.
98,How I feel when there is no Coffee. DEPRESSO!50% Savage. 50% Sweetness.
100,How I feel when there is no Coffee. DEPRESSO!50% Savage. 50% Sweetness.
102,"You think you are not moving but when you look back, you will realize how far you have come"
103,All we have is NOW.
104,You can’t do epic stuff with basic people.
105,"Be a Warrior, not a Worrier."
107,Disappointed but not surprised.
108,How I feel when there is no Coffee. DEPRESSO!50% Savage. 50% Sweetness.
109,Rolling with the homies.
113,"You think you are not moving but when you look back, you will realize how far you have come"
114,We got that Friday feeling.
115,How I feel when there is no Coffee. DEPRESSO!50% Savage. 50% Sweetness.
116,We got that Friday feeling.
118,You can’t do epic stuff with basic people.
122,You can’t do epic stuff with basic people.
123,Go wild for a while.
124,All we have is NOW.
126,Disappointed but not surprised.
127,Disappointed but not surprised.
130,You can’t do epic stuff with basic people.
131,You can’t do epic stuff with basic people.
134,Go wild for a while.
135,How I feel when there is no Coffee. DEPRESSO!50% Savage. 50% Sweetness.
136,Disappointed but not surprised.
138,"When you are Downie, eat a brownie."
139,We got that Friday feeling.
140,Rolling with the homies.
141,We got that Friday feeling.
142,"Be a Warrior, not a Worrier."
144,You can’t do epic stuff with basic people.
145,"Catch flights, not Feelings."
146,All we have is NOW.
147,Disappointed but not surprised.
148,Disappointed but not surprised.
149,"Catch flights, not Feelings."
151,We got that Friday feeling.
152,How I feel when there is no Coffee. DEPRESSO!50% Savage. 50% Sweetness.
153,"You think you are not moving but when you look back, you will realize how far you have come"
154,All we have is NOW.
157,We got that Friday feeling.
158,Just keep making those baby steps every day.
161,"Be a Warrior, not a Worrier."
162,"Be a Warrior, not a Worrier."
163,You can’t do epic stuff with basic people.
164,We got that Friday feeling.
166,Disappointed but not surprised.
167,"When you are Downie, eat a brownie."
168,"Be a Warrior, not a Worrier."
169,How I feel when there is no Coffee. DEPRESSO!50% Savage. 50% Sweetness.
170,We got that Friday feeling.
171,We got that Friday feeling.
172,Disappointed but not surprised.
174,Just keep making those baby steps every day.
175,"When you are Downie, eat a brownie."
179,Go wild for a while.
181,Go wild for a while.
183,Just keep making those baby steps every day.
184,Disappointed but not surprised.
185,"You think you are not moving but when you look back, you will realize how far you have come"
188,"Catch flights, not Feelings."
190,Disappointed but not surprised.
191,You can’t do epic stuff with basic people.
192,Go wild for a while.
193,"When you are Downie, eat a brownie."
194,"When you are Downie, eat a brownie."
196,"You think you are not moving but when you look back, you will realize how far you have come"
197,We got that Friday feeling.
198,Disappointed but not surprised.
200,"Be a Warrior, not a Worrier."
201,You can’t do epic stuff with basic people.
202,"Be a Warrior, not a Worrier."
205,"Catch flights, not Feelings."
206,We got that Friday feeling.
207,How I feel when there is no Coffee. DEPRESSO!50% Savage. 50% Sweetness.
208,Disappointed but not surprised.
209,All we have is NOW.
210,Just keep making those baby steps every day.
211,Just keep making those baby steps every day.
212,You can’t do epic stuff with basic people.
214,"Be a Warrior, not a Worrier."
215,"You think you are not moving but when you look back, you will realize how far you have come"
216,"You think you are not moving but when you look back, you will realize how far you have come"
217,"You think you are not moving but when you look back, you will realize how far you have come"
218,You can’t do epic stuff with basic people.
220,"You think you are not moving but when you look back, you will realize how far you have come"
221,"When you are Downie, eat a brownie."
222,How I feel when there is no Coffee. DEPRESSO!50% Savage. 50% Sweetness.
223,You can’t do epic stuff with basic people.
224,Disappointed but not surprised.
225,Just keep making those baby steps every day.
226,"Catch flights, not Feelings."
228,All we have is NOW.
230,"When you are Downie, eat a brownie."
231,"You think you are not moving but when you look back, you will realize how far you have come"
236,You can’t do epic stuff with basic people.
238,How I feel when there is no Coffee. DEPRESSO!50% Savage. 50% Sweetness.
239,You can’t do epic stuff with basic people.
240,Disappointed but not surprised.
243,"When you are Downie, eat a brownie."
244,"When you are Downie, eat a brownie."
247,Go wild for a while.
248,We got that Friday feeling.
249,We got that Friday feeling.
250,Go wild for a while.
252,"Catch flights, not Feelings."
253,"Catch flights, not Feelings."
254,How I feel when there is no Coffee. DEPRESSO!50% Savage. 50% Sweetness.
255,"You think you are not moving but when you look back, you will realize how far you have come"
256,Go wild for a while.
257,"You think you are not moving but when you look back, you will realize how far you have come"
258,We got that Friday feeling.
261,We got that Friday feeling.
262,How I feel when there is no Coffee. DEPRESSO!50% Savage. 50% Sweetness.
264,Disappointed but not surprised.
265,Rolling with the homies.
266,All we have is NOW.
267,Just keep making those baby steps every day.
268,Just keep making those baby steps every day.
269,Rolling with the homies.
271,"Catch flights, not Feelings."
272,Rolling with the homies.
273,Rolling with the homies.
274,You can’t do epic stuff with basic people.
276,"You think you are not moving but when you look back, you will realize how far you have come"
277,We got that Friday feeling.
279,"Catch flights, not Feelings."
283,Disappointed but not surprised.
284,Go wild for a while.
286,Go wild for a while.
287,All we have is NOW.
288,"When you are Downie, eat a brownie."
289,We got that Friday feeling.
291,Disappointed but not surprised.
293,Disappointed but not surprised.
294,You can’t do epic stuff with basic people.
295,Go wild for a while.
297,Just keep making those baby steps every day.
302,"When you are Downie, eat a brownie."
303,"Catch flights, not Feelings."
304,Just keep making those baby steps every day.
305,All we have is NOW.
307,We got that Friday feeling.
309,Go wild for a while.
312,Disappointed but not surprised.
313,Just keep making those baby steps every day.
315,We got that Friday feeling.
316,"When you are Downie, eat a brownie."
318,How I feel when there is no Coffee. DEPRESSO!50% Savage. 50% Sweetness.
319,"You think you are not moving but when you look back, you will realize how far you have come"
322,How I feel when there is no Coffee. DEPRESSO!50% Savage. 50% Sweetness.
323,You can’t do epic stuff with basic people.
324,You can’t do epic stuff with basic people.
325,Rolling with the homies.
326,How I feel when there is no Coffee. DEPRESSO!50% Savage. 50% Sweetness.
327,All we have is NOW.
328,How I feel when there is no Coffee. DEPRESSO!50% Savage. 50% Sweetness.
